text,source
"The app is amazing and works flawlessly. I use it every day.",positive
"Absolutely loved the experience, very smooth and fast.",positive
"The customer support was helpful and resolved my issue quickly.",positive
"Great value for money, totally worth it.",positive
"The interface is clean and easy to understand.",positive
"I am satisfied with the performance so far.",positive
"Setup was simple and the features are very useful.",positive
"Exceeded my expectations in every way.",positive
"Very reliable and efficient service.",positive
"I would definitely recommend this to my friends.",positive
"The app is okay but nothing special.",neutral
"It works as expected, no major complaints.",neutral
"The experience was average, could be better.",neutral
"Some features are good while others need improvement.",neutral
"Not bad, but not great either.",neutral
"The app does what it claims.",neutral
"It is usable but feels slightly outdated.",neutral
"I neither like nor dislike this product.",neutral
"The performance depends on internet speed.",neutral
"Decent app with standard features.",neutral
"The app crashes frequently and is very frustrating.",negative
"I am disappointed with the overall quality.",negative
"Customer support was unresponsive and rude.",negative
"The app is slow and full of bugs.",negative
"Waste of time and money.",negative
"It stopped working after the update.",negative
"Very poor performance and bad design.",negative
"I regret installing this app.",negative
"Nothing works properly, extremely annoying.",negative
"One of the worst experiences I've had.",negative

